,bill_id,chamber,created_at,id,session,state,subjects,title,type,updated_at
0,HCR 1,lower,2018-01-17 08:08:14,UTB00006251,2018,UT,Environmental; Resolutions; Legislative Affairs,H.C.R. 1 Concurrent Resolution on Climate Change,concurrent resolution,2018-02-14 08:42:05
1,HB 993,lower,2018-02-07 05:57:30,MDB00030961,2018,MD,Labor and Employment,Maryland Pension Climate Change Risk Act,bill,2018-02-13 06:29:50
2,SB 3068,upper,2018-02-08 17:02:35,HIB00031027,2018 Regular Session,HI,Other; Municipal and County Issues,RELATING TO CLIMATE CHANGE.,bill,2018-02-13 10:39:23
3,HB 1144,lower,2017-01-13 08:36:11,WAB00012085,2017-2018,WA,Environmental,Amending state greenhouse gas emission limits for consistency with the most recent assessment of climate change science.,bill,2018-02-14 12:58:05
4,HB 1715,lower,2018-02-07 10:32:16,HIB00030892,2018 Regular Session,HI,,RELATING TO CLIMATE CHANGE.,bill,2018-02-09 10:32:32
5,HCM 2009,lower,2018-02-06 08:29:21,AZB00013503,53rd-2nd-regular,AZ,,climate change.,concurrent memorial,2018-02-09 08:29:32
6,S 1821,upper,2017-01-21 06:40:53,MAB00022153,190th,MA,,An Act combating climate change,bill,2018-02-09 09:44:09
7,SB 2017,upper,2018-02-07 10:32:11,HIB00030378,2018 Regular Session,HI,,RELATING TO CLIMATE CHANGE.,bill,2018-02-09 10:32:22
8,SB 7,upper,2018-02-08 05:11:46,CTB00017205,2018,CT,Environmental; Municipal and County Issues; Executive Branch; Legislative Affairs,AN ACT CONCERNING CLIMATE CHANGE PLANNING AND RESILIENCY.,bill,2018-02-13 14:46:32
9,SB 898,upper,2018-02-07 05:57:30,MDB00030963,2018,MD,Commerce; Government Reform; Environmental; Senior Issues; Labor and Employment; Other; Technology and Communication,Maryland Pension Climate Change Risk Act,bill,2018-02-14 06:31:26
10,SB 2458,upper,2018-02-08 17:03:21,HIB00034581,2018 Regular Session,HI,Transportation,RELATING TO CLIMATE CHANGE.,bill,2018-02-08 17:03:21
11,A 2417,lower,2018-02-03 04:05:11,NJB00047588,218,NJ,Environmental; State Agencies,"Creates ""Coastal Climate Change Commission.""",bill,2018-02-03 04:05:11
12,AR 96,lower,2018-02-03 04:05:28,NJB00048350,218,NJ,Energy; Executive Branch,Urges Governor and AG to pursue legal action against fossil fuel companies for harms caused by climate change.,resolution,2018-02-03 04:05:28
13,AB 1281,upper,2017-08-23 08:16:35,CAB00024486,20172018,CA,,State parks: climate change: study.,bill,2018-02-14 08:40:24
14,SB 18-117,upper,2018-01-30 07:12:08,COB00005444,2018A,CO,,Collect Long-term Climate Change Data,bill,2018-02-13 15:08:05
15,SB 2965,upper,2018-02-08 17:02:35,HIB00031075,2018 Regular Session,HI,,RELATING TO THE HAWAII CLIMATE CHANGE MITIGATION AND ADAPTION INITIATIVE.,bill,2018-02-08 17:02:35
16,HCR 31,lower,2018-01-25 07:03:54,IDB00004407,2018,ID,Environmental; Resolutions; Other; Education; Legislative Affairs,CLIMATE CHANGE STUDY COMMITTEE â€“ Stating findings of the Legislature and authorizing the Legislative Council to appoint a committee to undertake and complete a study of climate change and its impact on Idaho.,concurrent resolution,2018-01-30 07:04:16
17,SCM 1004,upper,2018-02-02 08:20:47,AZB00013009,53rd-2nd-regular,AZ,,climate change,concurrent memorial,2018-02-02 08:20:47
18,HB 1394,lower,2018-01-17 07:24:05,MOB00013043,2018,MO,Environmental,Requires the Department of Natural Resources to implement regulations that comply with the United Nations Framework Convention on Climate Change Paris Agreement,bill,2018-01-17 07:24:05
19,A 3478,lower,2017-01-28 06:08:44,NYB00099783,2017-2018,NY,,Establishes the New York state climate change task force,bill,2018-01-04 05:26:50
20,S 3682,upper,2017-01-26 05:59:49,NYB00099213,2017-2018,NY,,Establishes the New York state climate change task force,bill,2018-01-04 05:26:25
21,S 2056,upper,2017-01-22 06:31:39,MAB00022757,190th,MA,,"An Act enabling taxpayer donations to the Least Developed Countries Fund, an initiative of the U.N. Framework Convention on Climate Change",bill,2017-12-08 10:04:13
22,S 2232,upper,2017-12-09 08:21:02,MAB00027362,190th,MA,,"An Act enabling taxpayer donations to the Least Developed Countries Fund, an initiative of the U.N. Framework Convention on Climate Change",bill,2018-02-14 10:43:00
23,PR 22-0356,upper,2017-06-09 05:23:24,DCB00009403,22,DC,,Sense of the Council Regarding the Paris Agreement on Climate Change Resolution of 2017,bill,2017-12-12 05:46:25
24,A 5259,lower,2017-12-05 04:11:15,NJB00043559,217,NJ,Environmental; State Agencies,"Creates ""Coastal Climate Change Commission.""",bill,2017-12-06 04:11:17
25,S 2196,upper,2017-10-31 10:17:16,MAB00027210,190th,MA,,An Act providing for the establishment of a comprehensive adaptation management plan in response to climate change,bill,2018-02-14 10:43:20
26,S 472,upper,2017-01-18 05:27:27,MAB00021232,190th,MA,,An Act providing for the establishment of a comprehensive adaptation management plan in response to climate change,bill,2018-02-14 10:42:57
27,SB 51,upper,2017-01-02 08:01:39,CAB00019850,20172018,CA,,Professional licensees: environmental sciences and climate change: whistleblower and data protection.,bill,2018-02-14 08:39:33
28,AB 733,lower,2017-02-16 08:02:10,CAB00021167,20172018,CA,,Enhanced infrastructure financing districts: projects: climate change.,bill,2017-10-15 08:13:44
29,AB 733,upper,2017-07-13 08:10:24,CAB00022916,20172018,CA,,Enhanced infrastructure financing districts: projects: climate change.,bill,2018-02-14 08:39:42
30,AJR 20,lower,2017-06-09 08:09:45,CAB00022654,20172018,CA,Environmental,Relative to climate change.,joint resolution,2018-02-14 08:38:54
31,SB 51,lower,2017-08-23 08:16:42,CAB00024488,20172018,CA,,Professional licensees: environmental sciences and climate change: whistleblower and data protection.,bill,2017-09-14 08:19:50
32,AJR 20,upper,2017-09-13 08:20:17,CAB00024624,20172018,CA,Environmental,Relative to climate change.,joint resolution,2017-09-17 08:23:34
33,HB 295,lower,2017-07-25 05:24:56,TXB00059034,851,TX,Environmental; State Agencies,Relating to establishing the Texas Climate Change Mitigation and Adaptation Commission to study and address the impacts of climate change in this state.,bill,2017-07-26 05:25:02
34,SB 108,upper,2017-02-02 06:07:30,RIB00012626,2017,RI,Environmental; State Agencies,AN ACT RELATING TO STATE AFFAIRS AND GOVERNMENT -- RESILIENT RHODE ISLAND ACT OF 2014 - CLIMATE CHANGE COORDINATING COUNCIL (Directs the climate change coordinating council to study a carbon pricing program.),bill,2017-12-30 05:40:56
35,ACA 1,lower,2017-01-02 08:01:39,CAB00019863,20172018,CA,,"A resolution to propose to the people of the State of California an amendment to the Constitution of the State, by adding Section 24 to Article XX thereof, relating to climate change.",constitutional amendment,2018-02-14 08:40:29
36,HB 6305,lower,2017-06-09 06:18:34,RIB00014447,2017,RI,State Agencies,AN ACT RELATING TO STATE AFFAIRS AND GOVERNMENT -- RESILIENT RHODE ISLAND ACT OF 2014 - CLIMATE CHANGE COORDINATING COUNCIL (Directs the climate change coordinating council to study a carbon pricing program.),bill,2017-12-30 05:40:51
37,SB 276,upper,2017-01-10 09:26:32,ORB00010327,2017 Regular Session,OR,,Relating to climate change impacts on ocean resources.,bill,2017-07-14 08:08:06
38,HR 15,lower,2017-07-01 05:59:48,VTB00007162,2017-2018,VT,,House resolution strongly opposing the announced U.S. withdrawal from the Paris Climate Agreement of the United Nations Framework Convention on Climate Change and recognizing Governor Philip Scott's enrolling Vermont in the U.S. Climate Alliance,resolution,2017-08-03 05:59:19
39,SR 10,upper,2017-07-01 05:59:50,VTB00007165,2017-2018,VT,,Senate resolution strongly opposing the U.S. withdrawal from the Paris Agreement of the United Nations Framework Convention on Climate Change and recognizing Governor Philip Scott's enrolling Vermont in the U.S. Climate Alliance,resolution,2017-07-01 05:59:50
40,H 2147,lower,2017-03-09 08:27:50,MAB00025491,190th,MA,,An Act providing for the establishment of a comprehensive adaptation management plan in response to climate change,bill,2017-06-18 09:46:48
41,HB 1578,lower,2017-01-26 09:55:44,HIB00028932,2017 Regular Session,HI,,RELATING TO CLIMATE CHANGE.,bill,2017-12-22 10:07:57
42,SB 559,upper,2017-01-25 09:49:50,HIB00027578,2017 Regular Session,HI,,RELATING TO CLIMATE CHANGE.,bill,2017-12-22 10:07:52
43,SP 587,upper,2017-06-08 07:04:45,MEB00010035,128,ME,,"Joint Order, Directing The Joint Standing Committee On Environment And Natural Resources To Report Out A Bill Regarding The Paris Agreement On Climate Change",joint resolution,2017-06-09 07:04:54
44,LD 771,lower,2017-03-02 05:34:29,MEB00009146,128,ME,Civil Liberties and Civil Rights,An Act To Protect Political Speech And Prevent Climate Change Policy Profiling,bill,2017-06-07 06:37:24
45,AB 346,lower,2017-05-24 06:22:18,WIB00008381,2017 Regular Session,WI,,Relating to: the Wisconsin Natural Resources Magazine and the publication of information about climate change by the Department of Natural Resources. (FE),bill,2018-01-22 06:41:15
46,AB 1301,lower,2017-02-18 08:03:20,CAB00022049,20172018,CA,,Joint Legislative Committee on Climate Change Policies.,bill,2018-02-14 08:40:33
47,AB 1301,upper,2017-09-14 08:19:17,CAB00024629,20172018,CA,,Joint Legislative Committee on Climate Change Policies.,bill,2017-09-17 08:22:50
48,SCR 78,upper,2017-03-09 09:59:57,HIB00029431,2017 Regular Session,HI,,"ENDORSING TAIWAN'S PARTICIPATION AS AN OBSERVER IN THE UNITED NATIONS FRAMEWORK CONVENTION ON CLIMATE CHANGE, INTERNATIONAL CIVIL AVIATION ORGANIZATION, WORLD HEALTH ORGANIZATION, AND INTERNATIONAL CRIMINAL POLICE ORGANIZATION AND SUPPORTING THE 24TH ANNIVERSARY OF SISTER-STATE RELATIONS BETWEEN HAWAII AND TAIWAN.",concurrent resolution,2017-12-22 10:07:21
49,AB 1281,lower,2017-02-18 08:03:16,CAB00021743,20172018,CA,,State parks: climate change: study.,bill,2017-10-15 08:13:48
50,SB 442,upper,2017-03-03 06:09:34,RIB00013445,2017,RI,Environmental; Transportation; Municipal and County Issues,AN ACT RELATING TO WATERS AND NAVIGATION - THE CLIMATE CHANGE COASTAL ADAPTATION TRUST FUND (Establishes the RI coastal adaptation trust fund which would enable cities and towns and the state to apply for grants to fund projects that invest in measures that adapt infrastructure on public lands to address the impacts of climate change.),bill,2017-12-31 05:41:13
51,SB 262,upper,2017-02-09 08:01:54,CAB00020522,20172018,CA,,Climate change: climate adaptation: advisory council.,bill,2017-10-15 08:13:40
52,SB 262,lower,2017-07-13 08:10:06,CAB00022698,20172018,CA,,Climate change: climate adaptation: advisory council.,bill,2018-02-14 08:39:56
53,HB 173,lower,2017-03-11 08:19:16,AKB00002487,30,AK,Recreation; Government Reform; Legal Issues; Energy; Executive Branch; Guns; Environmental; Other; Technology and Communication; State Agencies; Education; Business and Consumers; Animal Rights and Wildlife Issues; Science and Medical Research,An Act establishing the Alaska Climate Change Response Commission; relating to the powers and duties of the Alaska Climate Change Response Commission; establishing the climate change response fund; and relating to the surcharge on oil produced in the state.,bill,2017-05-31 08:29:29
54,S 453,upper,2017-01-22 06:31:38,MAB00022725,190th,MA,,"Resolve to review, consider, and evaluate, and to establish a suitable body and/or Special Commission to consider Climate Change Economic Consequences",bill,2017-06-18 09:46:40
55,HCR 113,lower,2017-03-10 10:01:33,HIB00029454,2017 Regular Session,HI,Environmental; Energy,"CALLING ON THE FEDERAL GOVERNMENT AND STATES TO LOWER COSTS FOR CONSUMERS, CREATE MORE JOBS, AND REDUCE THE IMPACTS OF CLIMATE CHANGE ON THE ECONOMY BY REPLACING FOSSIL FUELS WITH RENEWABLE ENERGY.",concurrent resolution,2017-12-22 10:07:58
56,SD 2138,upper,2017-03-30 09:43:55,MAB00026383,190th,MA,,"An Act enabling taxpayer donations to the Least Developed Countries Fund, an initiative of the U.N. Framework Convention on Climate Change",bill,2017-04-28 10:14:39
57,HB 5808,lower,2017-03-02 06:09:26,RIB00013306,2017,RI,Environmental; Transportation; Municipal and County Issues,AN ACT RELATING TO WATERS AND NAVIGATION - THE CLIMATE CHANGE COASTAL ADAPTATION TRUST FUND (Establishes the RI coastal adaptation trust fund which would enable cities and towns and the state to apply for grants to fund projects that invest in measures that adapt infrastructure on public lands to address the impacts of climate change.),bill,2017-12-31 05:41:14
58,S 1561,upper,2017-01-21 06:40:53,MAB00022190,190th,MA,,An Act relative to Stormwater Management and Climate Change Adaptation Incentives,bill,2017-06-18 09:47:00
59,HCR 127,lower,2017-04-18 09:12:02,TXB00056803,85,TX,Environmental; Resolutions; Legislative Affairs,Urging the United States Congress to conduct a cost-benefit analysis regarding the risks of climate change and appropriate measures to address them.,concurrent resolution,2017-06-05 10:27:51
60,HCR 59,lower,2017-02-23 10:17:13,HIB00029337,2017 Regular Session,HI,,URGING THE BOARD OF EDUCATION TO CREATE GUIDELINES FOR INCORPORATION OF CLIMATE CHANGE EDUCATION INTO THE CURRICULUM OF HAWAII'S PUBLIC SCHOOLS.,concurrent resolution,2017-12-22 10:07:46
61,HR 30,lower,2017-02-23 10:17:12,HIB00029335,2017 Regular Session,HI,,URGING THE BOARD OF EDUCATION TO CREATE GUIDELINES FOR INCORPORATION OF CLIMATE CHANGE EDUCATION INTO THE CURRICULUM OF HAWAII'S PUBLIC SCHOOLS.,resolution,2017-12-22 10:07:44
62,HR 67,lower,2017-03-10 10:01:39,HIB00029478,2017 Regular Session,HI,Environmental; Energy,"CALLING ON THE FEDERAL GOVERNMENT AND STATES TO LOWER COSTS FOR CONSUMERS, CREATE MORE JOBS, AND REDUCE THE IMPACTS OF CLIMATE CHANGE ON THE ECONOMY BY REPLACING FOSSIL FUELS WITH RENEWABLE ENERGY.",resolution,2017-12-22 10:07:21
63,PR 22-0261,upper,2017-04-14 05:16:37,DCB00009056,22,DC,,Sense of the Council Reaffirming the District's Commitment to Climate Change Action Resolution of 2017,bill,2017-05-21 05:21:30
64,HB 775,lower,2017-01-27 07:00:36,ILB00094946,100th,IL,,PEN CD-CLIMATE CHANGE POLICY,bill,2017-06-06 14:16:34
65,HCR 203,lower,2017-03-11 10:08:49,HIB00029685,2017 Regular Session,HI,Environmental,"URGING THE OFFICE OF ENVIRONMENTAL QUALITY CONTROL, IN COOPERATION WITH THE DEPARTMENT OF THE ATTORNEY GENERAL AND THE LEGISLATIVE REFERENCE BUREAU, TO PREPARE ENVIRONMENTAL AND LEGAL OPINIONS OF FUTURE STATE REGULATIONS AND LEGISLATION THAT MIGHT BE DEEMED NECESSARY TO COMBAT CLIMATE CHANGE AND PREVENT THE REGRESSION OF ENVIRONMENTAL PROTECTION.",concurrent resolution,2017-12-22 10:07:29
66,HR 131,lower,2017-03-11 10:08:47,HIB00029656,2017 Regular Session,HI,Environmental,"URGING THE OFFICE OF ENVIRONMENTAL QUALITY CONTROL, IN COOPERATION WITH THE DEPARTMENT OF THE ATTORNEY GENERAL AND THE LEGISLATIVE REFERENCE BUREAU, TO PREPARE ENVIRONMENTAL AND LEGAL OPINIONS OF FUTURE STATE REGULATIONS AND LEGISLATION THAT MIGHT BE DEEMED NECESSARY TO COMBAT CLIMATE CHANGE AND PREVENT THE REGRESSION OF ENVIRONMENTAL PROTECTION.",resolution,2017-12-22 10:07:27
67,S 32,upper,2017-01-14 05:09:23,VTB00006308,2017-2018,VT,,An act relating to climate change considerations in State procurement,bill,2017-12-14 06:06:44
68,HF 2472,lower,2017-03-21 10:06:46,MNB00033024,2017-2018,MN,"Federal, State, and Local Relations",Climate change impact report on fossil fuel investments currently held by the State Board of Investment required.,bill,2017-05-21 10:30:34
69,SCR 70,upper,2017-03-07 10:04:09,HIB00029394,2017 Regular Session,HI,,URGING THE STATE TO ABIDE BY THE STANDARDS ADOPTED IN THE PARIS AGREEMENT ON CLIMATE CHANGE.,concurrent resolution,2017-12-22 10:07:31
70,SF 2085,upper,2017-03-11 09:52:27,MNB00032688,2017-2018,MN,Commerce; Environmental; Energy; Labor and Employment; Other; State Agencies,State board of investment report on impact of climate change on current fossil fuel investments requirement,bill,2017-05-21 10:30:43
71,SJR 9,upper,2017-02-01 08:22:42,UTB00005791,2017,UT,Environmental; Resolutions,Joint Resolution on Climate Change,joint resolution,2017-06-13 09:43:07
72,HF 2262,lower,2017-03-09 09:57:49,MNB00032592,2017-2018,MN,Environmental; State Agencies,Climate change consideration in environmental impact statements required.,bill,2017-05-21 10:30:41
73,HB 420,lower,2016-12-28 00:23:52,TXB00048027,85,TX,Environmental; Legal Issues; Crime,Relating to the admissibility of certain evidence relating to climate change or global warming in certain criminal cases.,bill,2017-06-05 10:28:48
74,S 410,upper,2017-02-19 06:38:04,SCB00012907,2017-2018,SC,Resolutions,"A SENATE RESOLUTION TO COMMEND AND SUPPORT THE DEMOCRATIZATION EFFORTS OF THE REPUBLIC OF CHINA (TAIWAN) AND THE NATION'S MEANINGFUL PARTICIPATION IN THE WORLD HEALTH ORGANIZATION, THE INTERNATIONAL CIVIL AVIATION ORGANIZATION, AND THE UN FRAMEWORK CONVENTION ON CLIMATE CHANGE, AS WELL AS OTHER INTERNATIONAL ORGANIZATIONS, AND TO EXTEND SINCERE BEST WISHES FOR CONTINUED COOPERATION AND SUCCESS.",resolution,2017-05-21 06:38:41
75,H 3539,lower,2017-01-26 05:17:42,SCB00012568,2017-2018,SC,,"A HOUSE RESOLUTION TO COMMEND AND SUPPORT THE DEMOCRATIZATION EFFORTS OF THE REPUBLIC OF CHINA (TAIWAN) AND THE NATION'S MEANINGFUL PARTICIPATION IN THE WORLD HEALTH ORGANIZATION, THE INTERNATIONAL CIVIL AVIATION ORGANIZATION, AND THE UN FRAMEWORK CONVENTION ON CLIMATE CHANGE, AS WELL AS OTHER INTERNATIONAL ORGANIZATIONS, AND TO EXTEND SINCERE BEST WISHES FOR CONTINUED COOPERATION AND SUCCESS.",resolution,2017-05-21 06:38:40
76,AB 2800,lower,2016-02-20 08:27:02,CAB00019339,20152016,CA,,Climate change: infrastructure planning.,bill; fiscal committee,2016-12-30 19:58:04
77,AJR 43,lower,2016-06-07 07:12:22,CAB00019744,20152016,CA,,Greenhouse gases: climate change.,joint resolution,2016-09-19 07:14:27
78,HR 8267,lower,2016-05-28 04:06:22,RIB00012010,2016,RI,Resolutions,"HOUSE RESOLUTION RESPECTFULLY REQUESTING THE EXECUTIVE CLIMATE CHANGE COORDINATING COUNCIL (EC4) TO CREATE A TASK FORCE TO STUDY THE FEASIBILITY AND FISCAL RAMIFICATIONS, AND MAKE RECOMMENDATIONS FOR IMPLEMENTING A FLOOD AUDIT PROGRAM",resolution,2016-06-15 04:06:28
79,SB 2955,upper,2016-05-12 04:57:49,RIB00011828,2016,RI,State Agencies,AN ACT RELATING TO STATE AFFAIRS AND GOVERNMENT -- RESILIENT RHODE ISLAND ACT OF 2014 - CLIMATE CHANGE COORDINATING COUNCIL (Directs the climate change coordinating council to study a carbon pricing program.),bill,2016-05-27 04:07:14
80,HB 2684,lower,2016-02-09 07:58:28,AZB00010959,52nd-2nd-regular,AZ,,climate change; study committee,bill,2016-05-06 07:38:49
81,HCR 123,lower,2016-03-12 11:57:39,HIB00026221,2016 Regular Session,HI,,"ENDORSING TAIWAN'S PARTICIPATION AS AN OBSERVER IN THE UNITED NATIONS FRAMEWORK CONVENTION ON CLIMATE CHANGE, INTERNATIONAL CIVIL AVIATION ORGANIZATION, WORLD HEALTH ORGANIZATION, AND INTERNATIONAL CRIMINAL POLICE ORGANIZATION AND SUPPORTING THE STATE OF HAWAII'S TWENTY-THIRD ANNIVERSARY OF SISTER-STATE RELATIONS WITH TAIWAN.",concurrent resolution,2016-04-29 11:47:07
82,LR 455,upper,2016-02-27 06:30:16,NEB00005379,104,NE,,Provide the Executive Board of the Legislative Council appoint a special committee to examine issues related to the impacts of climate change on the State of Nebraska,resolution,2016-05-12 05:09:04
83,HF 3900,lower,2016-04-15 10:03:50,MNB00028018,2015-2016,MN,,State Board of Investment required to develop climate change risk management strategies.,bill,2016-04-15 10:03:50
84,AJR 74,lower,2015-10-23 05:37:15,WIB00006479,2015 Regular Session,WI,,"Relating to: acknowledging the environmental, economic, and social threat of climate change due to human activity and the need to address it at the state level.",joint resolution,2016-04-15 06:23:38
85,SJR 62,upper,2015-10-17 05:35:17,WIB00006459,2015 Regular Session,WI,,"Relating to: renewing Wisconsin's land ethic and reviving our heritage as a leader and pioneer in environmental policy and sustainability, with a focus on taking action to integrate solutions to carbon pollution and climate change into the activities and businesses of our fellow citizens.",joint resolution,2016-04-15 06:29:57
86,S 1979,upper,2015-07-25 02:37:24,MAB00019279,189th,MA,,An Act providing for the establishment of a comprehensive adaptation management plan in response to climate change,bill,2016-07-19 08:05:49
87,HB 5579,lower,2016-03-03 05:19:59,CTB00013233,2016,CT,Legislative Affairs; Environmental; Energy; Labor and Employment; Other; Housing and Property; State Agencies; Education,AN ACT CONCERNING THE GOVERNOR'S COUNCIL ON CLIMATE CHANGE.,bill,2016-04-12 04:22:36
88,LR 552,upper,2016-03-30 05:33:26,NEB00005516,104,NE,,Interim study to develop a plan to address funding and budgetary issues relating to climate change,resolution,2016-04-02 05:33:16
89,S 1747,upper,2015-04-22 02:17:25,MAB00017678,189th,MA,,An Act combating climate change,bill,2016-03-18 07:43:21
90,HB 2030,lower,2016-03-12 16:05:41,PAB00020960,2015-2016,PA,,"An Act amending the act of July 9, 2008 (P.L.935, No.70), known as the Pennsylvania Climate Change Act, further providing for climate change action plan.",bill,2016-03-16 15:15:54
91,HJM 4009,lower,2015-02-13 04:13:45,WAB00009854,2015-2016,WA,,Requesting action to address global climate change.,joint memorial,2016-03-12 13:06:29
92,S 1121,upper,2016-02-26 07:40:27,SCB00010959,2015-2016,SC,,"A SENATE RESOLUTION TO COMMEND AND SUPPORT TAIWAN'S DEMOCRATIC SYSTEM OF GOVERNMENT, ITS CLOSE RELATIONSHIP WITH THE UNITED STATES, AND THE NATION'S MEANINGFUL PARTICIPATION IN THE WORLD HEALTH ORGANIZATION, THE INTERNATIONAL CIVIL AVIATION ORGANIZATION, AND THE UNITED NATIONS FRAMEWORK CONVENTION ON CLIMATE CHANGE, AS WELL AS OTHER INTERNATIONAL ORGANIZATIONS, AND TO EXTEND SINCERE BEST WISHES FOR CONTINUED COOPERATION AND SUCCESS.",resolution,2016-03-11 07:44:30
93,S 3001A,upper,2016-02-23 16:41:17,NYB00083854,2015-2016,NY,,Establishes the New York state climate change task force,bill,2016-08-11 12:05:05
94,H 4755,lower,2016-01-29 07:26:22,SCB00010678,2015-2016,SC,,"A HOUSE RESOLUTION TO COMMEND AND SUPPORT THE DEMOCRATIZATION EFFORTS OF TAIWAN AND THE NATION'S MEANINGFUL PARTICIPATION IN THE WORLD HEALTH ORGANIZATION, THE INTERNATIONAL CIVIL AVIATION ORGANIZATION, AND THE UNITED NATIONS FRAMEWORK CONVENTION ON CLIMATE CHANGE, AS WELL AS OTHER INTERNATIONAL ORGANIZATIONS, AND TO EXTEND THE MOST SINCERE BEST WISHES OF THE SOUTH CAROLINA HOUSE OF REPRESENTATIVES ON BEHALF OF THIS STATE FOR CONTINUED COOPERATION AND SUCCESS.",resolution,2016-08-31 07:32:45
95,SB 882,upper,2016-01-28 09:10:38,HIB00023692,2016 Regular Session,HI,,RELATING TO CLIMATE CHANGE.,bill,2016-01-28 09:10:38
96,HB 233,lower,2016-01-14 09:30:04,AKB00001926,29,AK,Recreation; Government Reform; Legal Issues; Energy; Executive Branch; Guns; Environmental; Other; Technology and Communication; State Agencies; Education; Business and Consumers; Animal Rights and Wildlife Issues; Science and Medical Research,An Act establishing the Alaska Climate Change Commission; and relating to the powers and duties of the Alaska Climate Change Commission.,bill,2016-01-20 09:39:33
97,A 5786,lower,2015-03-05 06:43:05,NYB00071170,2015-2016,NY,,Establishes the climate change solutions fund,bill,2016-08-11 10:43:14
98,A 5943,lower,2015-03-10 05:53:06,NYB00071469,2015-2016,NY,,Establishes the New York state climate change task force,bill,2016-08-11 11:34:56
99,S 2781,upper,2015-01-30 04:42:22,NYB00067448,2015-2016,NY,,Enacts the climate change solutions program act,bill,2016-08-11 11:32:11
100,S 3001,upper,2015-02-04 05:09:58,NYB00068318,2015-2016,NY,,Establishes the New York state climate change task force,bill,2016-01-08 16:05:13
101,HB 1502,lower,2016-01-28 09:57:26,HIB00024958,2016 Regular Session,HI,,RELATING TO CLIMATE CHANGE.,bill,2016-01-28 09:57:26
102,HB 591,lower,2016-01-28 08:35:29,HIB00022751,2016 Regular Session,HI,Other,RELATING TO CLIMATE CHANGE.,bill,2016-01-28 08:35:29
103,S 2058,upper,2015-11-19 08:28:37,MAB00019525,189th,MA,,An Act providing for the establishment of a comprehensive adaptation management plan in response to climate change,bill,2015-11-19 08:28:37
104,H 3854,lower,2015-11-18 08:28:45,MAB00019520,189th,MA,,An Act providing for the establishment of a comprehensive adaptation management plan in response to climate change,bill,2015-11-18 08:28:45
105,H 3857,lower,2015-11-18 08:28:49,MAB00019521,189th,MA,,special procedures for consideration of the Senate bill providing for the establishment of a comprehensive adaptation management plan in response to climate change,bill,2015-11-18 08:28:49
106,SB 246,upper,2015-02-20 00:10:14,CAB00015416,20152016,CA,,Climate change adaptation.,bill; fiscal committee,2016-07-23 19:42:45
107,B 21-0369,upper,2015-09-23 07:02:21,DCB00006316,21,DC,,Commission on Climate Change and Resiliency Establishment Act of 2015,bill,2015-12-15 08:11:32
108,S 1973,upper,2015-07-22 02:37:37,MAB00019265,189th,MA,,An Act providing for the establishment of a comprehensive adaptation management plan in response to climate change,bill,2015-07-25 02:37:21
109,S 451,upper,2015-04-22 02:16:49,MAB00017368,189th,MA,,An Act providing for the establishment of a comprehensive adaptation management plan in response to climate change,bill,2015-07-24 02:30:04
110,HB 3265,lower,2015-02-28 03:05:30,ORB00008532,2015 Regular Session,OR,,Relating to a task force on climate change solutions; declaring an emergency.,bill,2015-07-09 05:16:00
111,H 752,lower,2015-03-11 00:23:53,MAB00014616,189th,MA,,An Act providing for the establishment of a comprehensive adaptation management plan in response to climate change,bill,2015-06-19 02:28:33
112,SR 100,upper,2015-03-15 05:09:23,HIB00020460,2015 Regular Session,HI,,REQUESTING THE CONVENING OF A CLIMATE CHANGE AND HEALTH WORKING GROUP TO ASSESS THE SCOPE AND RISKS OF CLIMATE CHANGE ON THE HEALTH OF HAWAII'S RESIDENTS AND TO DEVELOP A STRATEGIC PLAN TO ADDRESS CLIMATE CHANGE RISKS TO HEALTH STATEWIDE.,resolution,2015-06-23 05:07:40
113,S 658,upper,2015-04-15 01:08:28,SCB00009456,2015-2016,SC,,"A SENATE RESOLUTION TO COMMEND AND SUPPORT TAIWAN'S DEMOCRATIC SYSTEM OF GOVERNMENT, ITS CLOSE RELATIONSHIP WITH THE UNITED STATES, AND THE NATION'S MEANINGFUL PARTICIPATION IN THE WORLD HEALTH ORGANIZATION, THE INTERNATIONAL CIVIL AVIATION ORGANIZATION, AND THE UNITED NATIONS FRAMEWORK CONVENTION ON CLIMATE CHANGE, AS WELL AS OTHER INTERNATIONAL ORGANIZATIONS, AND TO EXTEND THEIR MOST SINCERE BEST WISHES FOR CONTINUED COOPERATION AND SUCCESS.",resolution,2015-05-15 01:48:27
114,HB 514,lower,2015-02-12 01:20:46,MDB00022211,2015,MD,Commerce; Government Reform; Transportation; Legislative Affairs; Energy; Insurance; Agriculture and Food; Environmental; Other; Health; Technology and Communication; Housing and Property; State Agencies; Education; Public Services,Maryland Commission on Climate Change,bill,2015-06-18 01:47:06
115,SB 258,upper,2015-02-05 00:45:42,MDB00021482,2015,MD,Commerce; Government Reform; Transportation; Legislative Affairs; Energy; Insurance; Agriculture and Food; Environmental; Other; Health; Technology and Communication; Housing and Property; State Agencies; Education; Public Services,Maryland Commission on Climate Change,bill,2015-11-05 22:01:27
116,HCR 108,lower,2015-03-13 05:05:38,HIB00020142,2015 Regular Session,HI,,REQUESTING THE CONVENING OF A CLIMATE CHANGE AND HEALTH WORKING GROUP TO ASSESS THE SCOPE AND RISKS OF CLIMATE CHANGE ON THE HEALTH OF HAWAII'S RESIDENTS AND TO DEVELOP A STRATEGIC PLAN TO ADDRESS CLIMATE CHANGE RISKS TO HEALTH STATEWIDE.,concurrent resolution,2015-06-05 05:12:30
117,H 4040,lower,2015-04-24 17:12:27,SCB00009603,2015-2016,SC,,"A HOUSE RESOLUTION TO RECOGNIZE APRIL 22, 2015 AS EARTH DAY AND TO ACKNOWLEDGE SCIENTIFIC PROOF OF CLIMATE CHANGE.",resolution,2015-04-24 17:12:27
118,HB 2078,lower,2015-03-03 02:23:15,TXB00038955,84,TX,Environmental; State Agencies,Relating to the creation and duties of the Global Climate Change Commission.,bill,2016-04-28 08:38:29
119,SR 7,upper,2015-03-24 19:34:43,VTB00005295,2015-2016,VT,,Senate resolution relating to climate change,resolution,2015-11-18 07:57:12
120,HR 61,lower,2015-03-13 05:08:02,HIB00020180,2015 Regular Session,HI,,REQUESTING THE CONVENING OF A CLIMATE CHANGE AND HEALTH WORKING GROUP TO ASSESS THE SCOPE AND RISKS OF CLIMATE CHANGE ON THE HEALTH OF HAWAII'S RESIDENTS AND TO DEVELOP A STRATEGIC PLAN TO ADDRESS CLIMATE CHANGE RISKS TO HEALTH STATEWIDE.,resolution,2015-04-10 05:13:48
121,SCR 164,upper,2015-03-15 05:09:18,HIB00020457,2015 Regular Session,HI,,REQUESTING THE CONVENING OF A CLIMATE CHANGE AND HEALTH WORKING GROUP TO ASSESS THE SCOPE AND RISKS OF CLIMATE CHANGE ON THE HEALTH OF HAWAII'S RESIDENTS AND TO DEVELOP A STRATEGIC PLAN TO ADDRESS CLIMATE CHANGE RISKS TO HEALTH STATEWIDE.,concurrent resolution,2015-06-05 05:07:39
122,HCR 11,lower,2015-03-25 23:30:34,AKB00001813,29,AK,"Recreation; Legal Issues; Public Services; Executive Branch; Guns; Agriculture and Food; Environmental; Federal, State, and Local Relations; Indigenous Peoples; Housing and Property; State Agencies; Animal Rights and Wildlife Issues",Encouraging the governor to convene a Climate Change Task Force.,concurrent resolution,2015-05-12 23:47:10
123,HB 591,lower,2015-01-27 05:39:49,HIB00018019,2015 Regular Session,HI,Other,RELATING TO CLIMATE CHANGE.,bill,2015-03-05 05:57:21
124,SR 6,upper,2015-02-21 00:39:23,VTB00004970,2015-2016,VT,,Senate resolution relating to climate change,resolution,2015-02-21 00:39:23
125,SR 1711,upper,2015-02-13 00:38:22,KSB00003534,2015-2016,KS,,"Endorsing the twenty-sixth anniversary of sister state relations with the Republic of China (Taiwan), Taiwan's participation in the Trans-Pacific Partnership (TOO) and the United Nations Framework Convention on Climate Change (UNFCCC) and Taiwan's participation as an observer in the International Civil Aviation Organization (ICAO).",resolution,2015-02-21 00:47:57
126,S 13,upper,2015-02-18 00:20:22,MAB00013636,189th,MA,,"A report of the Senate Committee on Global Warming and Climate Change entitled: NO TIME TO WASTE: Our climate clock is ticking and our natural resources, public health and the future of our economy are at stake",bill,2015-04-29 02:23:43
127,H 176,lower,2015-02-11 00:31:15,VTB00004847,2015-2016,VT,,An act relating to inclusion of information about climate change in driver education curriculum,bill,2015-04-15 13:50:19
128,HB 1502,lower,2015-01-31 06:01:47,HIB00019839,2015 Regular Session,HI,,RELATING TO CLIMATE CHANGE.,bill,2015-02-13 23:21:19
129,H 3517,lower,2015-02-05 01:04:46,SCB00008762,2015-2016,SC,,"A HOUSE RESOLUTION TO COMMEND AND SUPPORT TAIWAN'S DEMOCRATIC SYSTEM OF GOVERNMENT, ITS CLOSE RELATIONSHIP WITH THE UNITED STATES, AND THE NATION'S MEANINGFUL PARTICIPATION IN THE WORLD HEALTH ORGANIZATION, THE INTERNATIONAL CIVIL AVIATION ORGANIZATION, AND THE UNITED NATIONS FRAMEWORK CONVENTION ON CLIMATE CHANGE, AS WELL AS OTHER INTERNATIONAL ORGANIZATIONS, AND TO EXTEND THEIR MOST SINCERE BEST WISHES FOR CONTINUED COOPERATION AND SUCCESS.",resolution,2016-08-31 07:33:03
130,SB 882,upper,2015-01-27 06:03:53,HIB00018735,2015 Regular Session,HI,,RELATING TO CLIMATE CHANGE.,bill,2015-06-05 05:15:04
131,SB 1217,upper,2014-02-25 00:35:32,CAB00014336,20132014,CA,,Climate change: preparedness.,bill; fiscal committee,2014-08-20 08:04:21
132,S 2028,upper,2014-03-06 04:43:09,MAB00012836,188th,MA,,An Act providing for the establishment of a comprehensive adaptation management plan in response to climate change,bill,2014-08-05 04:23:34
133,HB 7904,lower,2014-03-11 23:57:32,RIB00006433,2014,RI,State Agencies; Health,AN ACT RELATING TO STATE AFFAIRS AND GOVERNMENT - CLIMATE CHANGE - RESILIENT RHODE ISLAND ACT OF 2014 (Creates the Resilient Rhode Island and Climate Change Mitigation and Adaption Acts to provide a comprehensive and coordinated state response to climate change.),bill,2014-07-12 00:25:45
134,SB 2952,upper,2014-05-02 00:55:03,RIB00006852,2014,RI,State Agencies,AN ACT RELATING TO STATE AFFAIRS AND GOVERNMENT -- CLIMATE CHANGE (This act would repeal the Rhode Island climate change commission and would create a climate change council in the executive department. It would suggest the impacts of climate change be taken into consideration by department directors.),bill,2014-07-09 00:28:39
135,HB 1714,lower,2014-01-23 18:01:07,HIB00011850,2014 Regular Session,HI,,RELATING TO CLIMATE CHANGE.,bill,2014-06-14 05:36:04
136,S 1019,upper,2014-02-19 03:59:50,SCB00006718,2013-2014,SC,Resolutions,"A SENATE RESOLUTION TO COMMEND AND SUPPORT THE DEMOCRATIZATION EFFORTS OF TAIWAN AND THE NATION'S MEANINGFUL PARTICIPATION IN THE WORLD HEALTH ORGANIZATION, THE INTERNATIONAL CIVIL AVIATION ORGANIZATION, THE UNITED NATIONS FRAMEWORK CONVENTION ON CLIMATE CHANGE, AND OTHER INTERNATIONAL ORGANIZATIONS, AND TO EXTEND MOST SINCERE BEST WISHES FOR CONTINUED COOPERATION AND SUCCESS.",resolution,2014-05-29 03:47:23
137,LR 38,upper,2013-01-23 00:26:05,NEB00002457,103,NE,,Endorse Taiwan's participation in the International Civil Aviation Organization as an observer and support efforts to grant Taiwan official observer status at the United National Framework Convention on Climate Change,resolution,2014-09-23 23:49:07
138,AJR 104,lower,2014-05-07 21:29:51,WIB00005282,2013 Regular Session,WI,,"reaffirming Wisconsin's commitment to its relationship with Taiwan, supporting Taiwan's efforts to secure entry to the Trans-Pacific Partnership, the signing of a bilateral investment agreement between Taiwan and the United States, and supporting Taiwan's participation in the United Nations Framework Convention on Climate Change.",joint resolution,2014-05-07 21:29:51
139,SJR 76,upper,2014-05-07 21:37:16,WIB00005414,2013 Regular Session,WI,,"reaffirming Wisconsin's commitment to its relationship with Taiwan, supporting Taiwan's efforts to secure entry to the Trans-Pacific Partnership, the signing of a bilateral investment agreement between Taiwan and the United States, and supporting Taiwan's participation in the United Nations Framework Convention on Climate Change.",joint resolution,2014-05-07 21:37:16
140,HB 7655,lower,2014-02-28 00:54:58,RIB00005904,2014,RI,Environmental; Health,"AN ACT RELATING TO HEALTH AND SAFETY -- GEOENGINEERING (Defines geoengineering as attempts to effect climate change and requires DEM approval, after public hearings, for such efforts.)",bill,2014-04-04 00:00:35
141,HCR 195,lower,2014-03-11 05:42:58,HIB00016557,2014 Regular Session,HI,,"RECOGNIZING THE TEN YEAR ANNIVERSARY OF THE INDIAN OCEAN EARTHQUAKE AND TSUNAMI, AND SUPPORTING PREPAREDNESS ACTIVITIES, INTERNATIONAL CLIMATE CHANGE RESILIENCE FORUMS, AND OTHER ASIA-PACIFIC RESILIENCE EFFORTS.",concurrent resolution,2014-03-13 05:42:18
142,HR 155,lower,2014-03-11 05:44:44,HIB00016598,2014 Regular Session,HI,,"RECOGNIZING THE TEN YEAR ANNIVERSARY OF THE INDIAN OCEAN EARTHQUAKE AND TSUNAMI, AND SUPPORTING PREPAREDNESS ACTIVITIES, INTERNATIONAL CLIMATE CHANGE RESILIENCE FORUMS, AND OTHER ASIA-PACIFIC RESILIENCE EFFORTS.",resolution,2014-03-13 05:42:41
143,SB 2344,upper,2014-01-23 19:23:43,HIB00013993,2014 Regular Session,HI,,RELATING TO CLIMATE CHANGE.,bill,2014-03-07 06:36:08
144,SR 40,upper,2014-02-28 00:26:03,NJB00029128,216,NJ,Education,Urges New Jersey colleges and universities to sign climate change initiative.,resolution,2014-03-01 00:27:24
145,S 3742,upper,2013-02-14 13:10:26,NYB00038481,2013-2014,NY,,Establishes the New York state climate change task force,bill,2014-05-16 15:26:56
146,S 3742A,upper,2014-02-23 13:39:12,NYB00052455,2013-2014,NY,,Establishes the New York state climate change task force,bill,2014-05-16 15:23:24
147,H 834,lower,2014-02-01 00:47:30,VTB00004169,2013-2014,VT,,AN ACT RELATING TO ESTABLISHING A STATE OFFICE OF CLIMATE CHANGE RISK MANAGEMENT,bill,2014-09-29 23:58:56
148,H 4586,lower,2014-02-05 02:53:15,SCB00006635,2013-2014,SC,,"A HOUSE RESOLUTION TO COMMEND AND SUPPORT THE DEMOCRATIZATION EFFORTS OF TAIWAN AND THE NATION'S MEANINGFUL PARTICIPATION IN THE WORLD HEALTH ORGANIZATION, THE INTERNATIONAL CIVIL AVIATION ORGANIZATION, THE UNITED NATIONS FRAMEWORK CONVENTION ON CLIMATE CHANGE, AND OTHER INTERNATIONAL ORGANIZATIONS, AND TO EXTEND MOST SINCERE BEST WISHES FOR CONTINUED COOPERATION AND SUCCESS.",resolution,2014-02-05 02:53:15
149,H 812,lower,2014-02-01 00:47:15,VTB00004157,2013-2014,VT,,AN ACT RELATING TO ADDRESSING THE IMPACTS OF CLIMATE CHANGE IN VERMONT,bill,2014-09-29 23:58:28
150,SB 257,upper,2013-02-15 00:06:41,CAB00010619,20132014,CA,Environmental,Coastal resources: physical adaptations to climate change.,bill,2014-09-02 19:30:05
151,A 186,lower,2013-01-04 10:24:36,NYB00031496,2013-2014,NY,,Establishes the climate change solutions fund,bill,2014-03-08 14:04:31
152,A 4033,lower,2013-01-31 12:31:26,NYB00036846,2013-2014,NY,,Establishes the New York state climate change task force,bill,2014-02-23 13:40:22
153,S 4029,upper,2013-03-06 13:40:52,NYB00039890,2013-2014,NY,,Enacts the climate change solutions program act,bill,2014-02-13 13:33:46
154,S 587,upper,2013-01-04 10:24:27,NYB00030742,2013-2014,NY,,Establishes the climate change solutions fund,bill,2014-02-13 13:26:05
155,HB 1058,lower,2013-01-25 00:47:07,HIB00010049,2013 Regular Session,HI,,RELATING TO CLIMATE CHANGE.,bill,2014-01-19 01:33:51
156,HB 1058,lower,2014-01-23 20:38:05,HIB00015820,2014 Regular Session,HI,,RELATING TO CLIMATE CHANGE.,bill,2014-01-29 09:45:26
157,HB 1403,lower,2013-01-26 00:53:45,HIB00010482,2013 Regular Session,HI,,RELATING TO CLIMATE CHANGE.,bill,2014-01-22 01:54:56
158,HB 1403,lower,2014-01-23 18:48:00,HIB00013046,2014 Regular Session,HI,,RELATING TO CLIMATE CHANGE.,bill,2014-01-29 07:51:41
159,HB 460,lower,2013-01-24 00:42:59,HIB00009324,2013 Regular Session,HI,,RELATING TO CLIMATE CHANGE.,bill,2014-01-17 01:37:58
160,HB 460,lower,2014-01-23 20:38:28,HIB00015832,2014 Regular Session,HI,,RELATING TO CLIMATE CHANGE.,bill,2014-01-29 09:45:49
161,HB 6296,lower,2013-06-27 03:59:07,RIB00004689,2013,RI,State Agencies,AN ACT RELATING TO STATE AFFAIRS  AND GOVERNMENT -- DEPARTMENT OF ADMINISTRATION (would amend the qualifications of the number of members on the climate change advisory committee.),bill,2013-10-09 04:12:31
162,HP 576,lower,2013-03-02 02:07:28,MEB00002865,126,ME,Environmental,"Resolve, To Study Climate Change and Implement the Recommendations of the Department of Environmental Protection Report on Climate Change",bill,2014-03-05 05:44:11
163,SB 1013,upper,2013-02-28 03:37:18,CTB00007049,2013,CT,,AN ACT CONCERNING CLIMATE CHANGE ADAPTATION AND DATA COLLECTION.,bill,2013-06-11 05:43:45
164,HB 13-1293,lower,2013-04-06 01:22:16,COB00002004,2013A,CO,,Gov To Create Exec Branch Climate Change Position,bill,2013-05-30 16:13:29
165,AR 39,lower,2012-01-12 22:02:01,NJB00018835,215,NJ,Education,Urges New Jersey colleges and universities to sign climate change initiative.,resolution,2013-05-02 02:06:19
166,S 344,upper,2013-03-25 23:56:10,MAB00007238,188th,MA,,An Act creating a process to evaluate exposure to catastrophic flooding as a result of climate change,bill,2014-01-16 04:45:51
167,HJ 10,lower,2013-02-07 01:01:56,MTB00001855,2013,MT,Environmental,Resolution to support climate change as scientifically valid,joint resolution,2013-04-26 04:00:50
168,HJ 28,lower,2013-04-13 03:09:05,MTB00002363,2013,MT,Agriculture and Food; Environmental; Legislative Affairs,Interim study examining climate change and agriculture,joint resolution,2013-04-26 04:01:05
169,SB 281,upper,2013-02-10 01:10:42,MTB00001911,2013,MT,Environmental,Require DEQ collaboration on climate change efforts,bill,2013-06-12 03:59:29
170,HCR 3030,lower,2013-02-08 03:01:05,NDB00001808,63,ND,,A concurrent resolution endorsing Taiwan's participation as an observer in the International Civil Aviation Organization and United Nations Framework Convention on Climate Change.,concurrent resolution,2014-01-30 03:10:27
171,SCR 4024,upper,2013-02-27 03:33:29,NDB00001824,63,ND,,A concurrent resolution directing the Legislative Management to study the effects of climate change on this state.,concurrent resolution,2014-01-30 03:13:16
172,HCR 1007,lower,2013-02-20 04:53:45,SDB00002837,2013,SD,Legislative Affairs,"endorsing Taiwan's participation as an observer in the International Civil Aviation Organization (ICAO) and the United Nations Framework Convention on Climate Change (UNFCCC), and the twenty-ninth anniversary of sister state relations with the Province of Taiwan in the Republic of China (Taiwan).",concurrent resolution,2013-03-06 06:46:33
173,S 325,upper,2013-02-01 01:26:59,SCB00004855,2013-2014,SC,,"A SENATE RESOLUTION TO COMMEND AND SUPPORT THE DEMOCRATIZATION EFFORTS OF TAIWAN AND THE NATION'S MEANINGFUL PARTICIPATION IN THE WORLD HEALTH ORGANIZATION, THE INTERNATIONAL CIVIL AVIATION ORGANIZATION, AND THE UNITED NATIONS FRAMEWORK CONVENTION ON CLIMATE CHANGE, AS WELL AS OTHER INTERNATIONAL ORGANIZATIONS.",resolution,2013-02-15 01:56:09
174,H 3461,lower,2013-01-31 01:21:29,SCB00004846,2013-2014,SC,,"A HOUSE RESOLUTION TO COMMEND AND SUPPORT THE TAIWAN'S DEMOCRATIC SYSTEM OF GOVERNMENT, ITS CLOSE RELATIONSHIP WITH THE UNITED STATES, AND THE NATION'S MEANINGFUL PARTICIPATION IN THE WORLD HEALTH ORGANIZATION, THE INTERNATIONAL CIVIL AVIATION ORGANIZATION, AND THE UNITED NATIONS FRAMEWORK CONVENTION ON CLIMATE CHANGE, AS WELL AS OTHER INTERNATIONAL ORGANIZATIONS.",resolution,2013-02-06 01:35:00
175,SB 6013,upper,2011-12-16 05:14:33,WAB00002639,2011-2012,WA,Environmental; State Agencies; Commerce,Concerning the state integrated climate change response strategy.,bill,2012-10-18 06:57:59
176,SB 1066,upper,2012-02-15 01:50:49,CAB00008154,20112012,CA,,Coastal resources: climate change.,bill; fiscal committee,2012-10-11 14:08:42
177,SCR 162,upper,2011-05-04 16:48:26,HIB00001833,2011 Regular Session,HI,,"URGING HAWAII'S CONGRESSIONAL DELEGATION TO REQUEST THAT THE DIRECTOR OF THE OFFICE OF GLOBAL CHANGE OF THE UNITED STATES DEPARTMENT OF STATE PROPOSE TO THE CONFERENCE OF PARTIES FOR THE UNITED NATIONS FRAMEWORK CONVENTION ON CLIMATE CHANGE THAT THE UNITED STATES HOST THE 2015 UNITED NATIONS CLIMATE CHANGE CONFERENCE IN HONOLULU, HAWAII.",concurrent resolution,2012-10-18 02:22:59
178,SCR 73,upper,2011-05-04 16:48:25,HIB00001744,2011 Regular Session,HI,,URGING THE UNITED NATIONS TO GRANT TAIWAN PARTICIPATION AS AN OBSERVER IN THE UNITED NATIONS FRAMEWORK CONVENTION ON CLIMATE CHANGE CONFERENCE OF THE PARTIES.,concurrent resolution,2012-10-18 02:22:58
179,SR 32,upper,2011-05-04 16:48:24,HIB00001591,2011 Regular Session,HI,,URGING THE UNITED NATIONS TO GRANT TAIWAN PARTICIPATION AS AN OBSERVER IN THE UNITED NATIONS FRAMEWORK CONVENTION ON CLIMATE CHANGE CONFERENCE OF THE PARTIES MEETINGS.,resolution,2012-10-18 02:22:59
180,HCR 59,lower,2011-05-04 16:48:39,HIB00003876,2011 Regular Session,HI,,URGING THE UNITED NATIONS TO GRANT TAIWAN PARTICIPATION AS AN OBSERVER IN THE UNITED NATIONS FRAMEWORK CONVENTION ON CLIMATE CHANGE CONFERENCE OF THE PARTIES.,concurrent resolution,2012-08-28 02:44:02
181,HB 1187,lower,2011-02-25 17:48:54,WAB00001106,2011-2012,WA,Environmental; State Agencies,Creating the climate change accountability act.,bill,2012-10-18 06:58:27
182,HJM 4009,lower,2011-02-25 17:48:58,WAB00001953,2011-2012,WA,,Supporting the participation of Taiwan as an observer in the United Nations framework convention on climate change and in the international civil aviation organization.,joint memorial,2012-10-18 06:58:34
183,SJM 8005,upper,2011-02-25 17:48:53,WAB00000868,2011-2012,WA,,Supporting the participation of Taiwan as an observer in the United Nations framework convention on climate change and in the international civil aviation organization.,joint memorial,2012-11-02 06:43:56
184,HR 38,lower,2011-05-04 16:48:38,HIB00003552,2011 Regular Session,HI,,URGING THE UNITED NATIONS TO GRANT TAIWAN PARTICIPATION AS AN OBSERVER IN THE UNITED NATIONS FRAMEWORK CONVENTION ON CLIMATE CHANGE CONFERENCE OF THE PARTIES.,resolution,2012-08-28 02:44:06
185,HR 11,lower,2012-03-22 01:38:36,LAB00007978,2012,LA,Resolutions,Commends Taiwan's participation as an observer in the International Civil Aviation Organization and the United Nations Framework Convention on Climate Change,resolution,2012-08-22 04:31:26
186,H 5014,lower,2012-03-20 23:00:32,SCB00003356,119,SC,,"A HOUSE RESOLUTION TO COMMEND AND SUPPORT THE DEMOCRATIZATION EFFORTS OF TAIWAN AND THE NATION'S MEANINGFUL PARTICIPATION IN THE WORLD HEALTH ORGANIZATION, THE INTERNATIONAL CIVIL AVIATION ORGANIZATION, AND THE UNITED NATIONS FRAMEWORK CONVENTION ON CLIMATE CHANGE, AS WELL AS OTHER INTERNATIONAL ORGANIZATIONS.",resolution,2012-09-14 05:08:50
187,S 1344,upper,2012-03-20 23:00:20,SCB00003323,119,SC,Resolutions,"A SENATE RESOLUTION TO COMMEND AND SUPPORT THE DEMOCRATIZATION EFFORTS OF TAIWAN AND THE NATION'S MEANINGFUL PARTICIPATION IN THE WORLD HEALTH ORGANIZATION, THE INTERNATIONAL CIVIL AVIATION ORGANIZATION, AND THE UNITED NATIONS FRAMEWORK CONVENTION ON CLIMATE CHANGE, AS WELL AS OTHER INTERNATIONAL ORGANIZATIONS.",resolution,2012-08-22 06:07:11
188,SR 1,upper,2012-02-15 02:43:07,ARB00002661,2012F,AR,,A RESOLUTION TO SUPPORT THE RELATIONSHIP BETWEEN TAIWAN AND ARKANSAS AND TO SUPPORT TAIWAN'S PARTICIPATION IN THE U.S. VISA WAIVER PROGRAM AND THE INT'L CIVIL AVIATION ORGANIZATION AND U.N. FRAMEWORK CONVENTION ON CLIMATE CHANGE.,resolution,2012-08-22 02:55:56
189,SB 2021,upper,2012-02-09 20:53:40,HIB00005349,2011 Regular Session,HI,Environmental; Other,RELATING TO THE CLIMATE CHANGE TASK FORCE.,bill,2012-08-28 02:42:30
190,S 6456,upper,2012-02-11 06:27:00,NYB00022225,2011-2012,NY,Environmental,Establishes the New York state climate change task force,bill,2012-10-16 17:59:47
191,HB 2330,lower,2012-02-09 20:54:19,HIB00007066,2011 Regular Session,HI,Other,RELATING TO CLIMATE CHANGE.,bill,2012-08-28 02:43:44
192,SR 23,upper,2012-01-12 22:01:37,NJB00016576,215,NJ,Education,Urges New Jersey colleges and universities to sign climate change initiative.,resolution,2013-03-14 01:30:22
193,A 1391,lower,2011-05-05 01:29:54,NYB00008657,2011-2012,NY,Environmental,Establishes the New York state climate change task force,bill,2012-10-16 18:11:15
194,A 1646,lower,2011-05-05 01:29:55,NYB00008924,2011-2012,NY,Environmental,Establishes the climate change solutions fund,bill,2012-10-16 18:07:13
195,S 1969,upper,2011-05-05 01:29:23,NYB00002032,2011-2012,NY,Environmental,Establishes the climate change solutions fund,bill,2012-10-16 18:02:58
196,S 896,upper,2011-05-05 01:29:18,NYB00000921,2011-2012,NY,Environmental,Enacts the climate change solutions program act,bill,2012-10-16 18:03:48
197,S 170,upper,2011-12-15 02:45:17,VTB00002029,2011-2012,VT,,"AN ACT RELATING TO A RENEWABLE PORTFOLIO STANDARD, THE SUSTAINABLY PRICED ENERGY ENTERPRISE DEVELOPMENT PROGRAM, AND CLIMATE CHANGE",bill,2012-09-20 02:09:19
198,HF 341,lower,2011-09-13 01:17:06,IAB00000943,2011-2012,IA,,"A bill for an act modifying the repeal date for the climate change advisory
council, deleting related provisions, and including effective date
provisions. (Formerly HF 99)",bill,2012-09-20 03:16:59
199,HF 99,lower,2011-09-13 01:17:09,IAB00001185,2011-2012,IA,Environmental; Other,"A bill for an act modifying the repeal date for the climate change advisory
council, deleting related provisions, and including effective date
provisions. (See Cmte. Bill HF 341)",bill,2012-08-22 03:01:37
200,SB 80,upper,2011-05-04 16:48:15,HIB00000080,2011 Regular Session,HI,Environmental; Other,RELATING TO THE CLIMATE CHANGE TASK FORCE.,bill,2012-08-30 02:39:33
201,HR 930,lower,2011-03-18 09:02:29,TXB00019894,82,TX,Other; Legislative Affairs,Endorsing Taiwan's participation as an observer in the International Civil Aviation Organization and the United Nations Framework Convention on Climate Change.,resolution,2012-07-10 03:45:19
202,SC 504,upper,2011-01-07 23:03:49,MSB00003811,2011,MS,,Urge Congress to adopt legislation addressing clean energy development and climate change.,concurrent resolution,2011-09-29 01:47:29
203,HCR 3028,lower,2011-11-28 22:24:34,NDB00000910,62,ND,"Environmental; Resolutions; Federal, State, and Local Relations","A concurrent resolution urging Congress to adopt legislation prohibiting the Environmental Protection Agency by any legal means from regulating greenhouse emissions, including, if necessary, defunding Environmental Protection Agency greenhouse gas regulatory activities; imposing a moratorium on adoption on any new air quality regulations by the Environmental Protection Agency by any legal means, except those regulations directly addressing an imminent health or environmental emergency, for a period of at least two years; and requiring the administration to undertake a study identifying all regulatory activity the Environmental Protection Agency intends to undertake in furtherance of its goal of ""taking action on climate change and improving air quality"" and specifying the cumulative effect of all these regulations on the economy, jobs, and American economic competitiveness.",concurrent resolution,2012-08-30 01:52:16
204,HCR 1007,lower,2011-02-17 02:33:05,SDB00001636,2011,SD,Legislative Affairs,Endorsing Taiwan's participation as observer in the International Civil Aviation Organization and United Nations Framework Convention on Climate Change.,concurrent resolution,2011-04-26 05:49:52
205,SB 766,upper,2011-02-09 00:27:32,MDB00011927,2011,MD,"Environmental; Other; Federal, State, and Local Relations; Budget, Spending, and Taxes; Transportation; Health; Government Reform",Snowstorm and Related Climate Change Preparation Act,bill,2011-04-26 01:19:36
206,HR 6,lower,2011-05-09 15:04:23,VTB00001735,2011-2012,VT,,HOUSE RESOLUTION URGING ACTION ON CLIMATE CHANGE-RELATED POLICIES,resolution,2012-09-20 02:11:00
207,SJR 21,upper,2012-09-07 22:41:24,ILB00055389,96th,IL,,ADDRESS CLIMATE CHANGE,joint resolution,2012-09-07 22:41:24
208,AR 87,lower,2010-11-29 19:07:13,NJB00003650,214,NJ,Technology and Communication,Supports participation of Republic of China (Taiwan) as observer in United Nations Framework Convention on Climate Change (UNFCCC) and in International Civil Aviation Organization (ICAO).,resolution,2013-08-28 15:31:46
209,SR 96,upper,2010-12-15 19:49:01,NJB00006552,214,NJ,Education,Urges New Jersey colleges and universities to sign climate change initiative.,resolution,2013-08-28 15:35:05
210,AB 1405,lower,2010-07-09 17:25:55,CAB00002170,20092010,CA,,"An act to add Part 5 (commencing with Section 71420) to Division 34 of the Public Resources Code, relating to climate change.",bill; fiscal committee,2012-04-06 17:17:03
211,AR 109,lower,2010-11-29 19:07:13,NJB00003672,214,NJ,Education,Urges New Jersey colleges and universities to sign climate change initiative.,resolution,2013-08-28 15:35:32
212,AJR 26,lower,2010-08-10 20:01:04,CAB00005103,20092010,CA,Environmental,Relative to climate change.,joint resolution,2012-04-06 17:17:45
213,SCR 110,upper,2010-08-10 21:16:43,LAB00003667,2010,LA,Environmental,Continues the Louisiana Climate Change Policy Commission.,concurrent resolution,2010-11-17 23:14:18
214,HB 1803,lower,2010-12-02 22:39:08,NCB00003266,2009,NC,,Review NC Programs for Climate Change Impacts,bill,2012-04-03 20:09:19
215,HR 748,lower,2010-07-23 05:39:10,PAB00005168,2009-2010,PA,,A Resolution supporting the participation of the Republic of China (Taiwan) as an observer in the United Nations Framework Convention on Climate Change and in the International Civil Aviation Organization.,resolution,2013-03-08 10:28:45
216,HB 1805,lower,2010-12-02 22:39:08,NCB00003268,2009,NC,,Funds to Assess/Monitor NC Climate Change.,bill,2012-04-03 20:09:20
217,HB 1806,lower,2010-12-02 22:39:08,NCB00003269,2009,NC,,Establish NC Commission on Climate Change.,bill,2012-04-03 20:09:21
218,HB 1808,lower,2010-12-02 22:39:08,NCB00003271,2009,NC,,NC Climate Change Adaptation Strategy.,bill,2012-04-03 20:09:21
219,HR 1807,lower,2010-12-02 22:39:08,NCB00003270,2009,NC,,Support Federal Climate Change Legislation.,resolution,2012-04-03 20:09:21
220,SB 1221,upper,2010-12-02 22:39:00,NCB00001221,2009,NC,,Establish NC Commission on Climate Change.,bill,2012-04-03 19:53:28
221,SB 1222,upper,2010-12-02 22:39:00,NCB00001222,2009,NC,,Funds to Assess/Monitor NC Climate Change.,bill,2012-04-03 19:53:29
222,SB 1223,upper,2010-12-02 22:39:00,NCB00001223,2009,NC,,NC Climate Change Adaptation Strategy.,bill,2012-04-03 19:53:29
223,AB 649,lower,2010-08-27 19:14:44,WIB00001460,2009 Regular Session,WI,,"goals for reductions in greenhouse gas emissions, for construction of zero net energy buildings and for energy conservation; information, analyses, reports, education, and training concerning greenhouse gas emissions and climate change; energy efficiency and renewable resource programs; renewable energy requirements of electric utilities and retail cooperatives; requiring electric utilities to purchase renewable energy from certain renewable facilities in their service territories; authority of the Public Service Commission over nuclear power plants; motor vehicle emission limitations; a low carbon standard for transportation fuels; the brownfield site assessment grant program, the main street program, the brownfields grant program, the forward innovation fund, grants to local governments for planning activities, the transportation facilities economic assistance and development program, a model parking ordinance; surface transportation planning by the Department of Transportation and metropolitan planning organizations to reduce greenhouse gas emissions; environmental evaluations for transportation projects; idling limits for certain vehicles; energy conservation codes for public buildings, places of employment, one- and two-family dwellings, and agricultural facilities; design standards for state buildings; energy efficiency standards for certain consumer audio and video devices, boiler inspection requirements; greenhouse gas emissions and energy use by certain state agencies and state assistance to school districts in achieving energy efficiencies; creating an exception to local levy limits for amounts spent on energy efficiency measures; creating an energy crop reserve program; identification of private forest land, promoting sequestration of carbon in forests, qualifying practices and cost-share requirements under the forest grant program established by the Department of Natural Resources; air pollution permits for certain stationary sources reducing greenhouse gas emissions; allocating a portion of existing tax-exempt industrial development revenue bonding to clean energy manufacturing facilities and renewable power generating facilities; requiring a report on certain programs to limit greenhouse gas emissions; granting rule-making authority; requiring the exercise of rule-making authority; and providing a penalty.",bill,2012-01-21 01:54:19
224,SB 450,upper,2010-08-27 19:14:37,WIB00000454,2009 Regular Session,WI,,"goals for reductions in greenhouse gas emissions, for construction of zero net energy buildings and for energy conservation; information, analyses, reports, education, and training concerning greenhouse gas emissions and climate change; energy efficiency and renewable resource programs; renewable energy requirements of electric utilities and retail cooperatives; requiring electric utilities to purchase renewable energy from certain renewable facilities in their service territories; authority of the Public Service Commission over nuclear power plants; motor vehicle emission limitations; a low carbon standard for transportation fuels; the brownfield site assessment grant program, the main street program, the brownfields grant program, the forward innovation fund, grants to local governments for planning activities, the transportation facilities economic assistance and development program, a model parking ordinance; surface transportation planning by the Department of Transportation and metropolitan planning organizations to reduce greenhouse gas emissions; environmental evaluations for transportation projects; idling limits for certain vehicles; energy conservation codes for public buildings, places of employment, one- and two-family dwellings, and agricultural facilities; design standards for state buildings; energy efficiency standards for certain consumer audio and video devices, boiler inspection requirements; greenhouse gas emissions and energy use by certain state agencies and state assistance to school districts in achieving energy efficiencies; creating an exception to local levy limits for amounts spent on energy efficiency measures; creating an energy crop reserve program; identification of private forest land, promoting sequestration of carbon in forests, qualifying practices and cost-share requirements under the forest grant program established by the Department of Natural Resources; air pollution permits for certain stationary sources reducing greenhouse gas emissions; allocating a portion of existing tax-exempt industrial development revenue bonding to clean energy manufacturing facilities and renewable power generating facilities; requiring a report on certain programs to limit greenhouse gas emissions; granting rule-making authority; requiring the exercise of rule-making authority; and providing a penalty.",bill,2012-01-21 01:54:07
225,SC 588,upper,2010-12-10 00:05:18,MSB00001302,2010,MS,,Urge Congress to adopt legislation addressing clean energy developemnt and climate change.,concurrent resolution,2011-01-12 03:15:20
226,HJ 13,lower,2010-08-27 22:54:55,MDB00002719,2010,MD,"Environmental; Other; Federal, State, and Local Relations; Health",Climate Change,joint resolution,2010-12-10 21:14:37
227,SB 1092,upper,2010-08-27 22:54:45,MDB00001092,2010,MD,"Environmental; Other; Federal, State, and Local Relations; Budget, Spending, and Taxes; Transportation; Health; Government Reform",Snowstorm and Related Climate Change Preparation Act,bill,2010-12-10 21:14:26
228,HCR 1011,lower,2010-07-31 03:35:04,SDB00000881,2010,SD,,Endorsing Taiwan's participation as observer in the International Civil Aviation Organization and United Nations Framework Convention on Climate Change.,bill,2011-02-08 03:47:07
229,HCM 2011,lower,2011-01-21 19:37:41,AZB00002678,49th-2nd-regular,AZ,,climate change,concurrent memorial,2011-01-21 19:37:41
230,SB 128,upper,2010-07-09 17:23:48,CAB00000313,20092010,CA,Environmental,"An act to add Division 25.6 (commencing with Section 38700) to the Health and Safety Code, relating to climate change.",bill; fiscal committee,2012-04-06 17:16:30
231,SB 835,upper,2010-12-02 22:38:59,NCB00000835,2009,NC,,Extend Climate Change Commission.,bill,2012-04-03 19:50:40
232,SR 91,upper,2010-11-23 22:23:07,LAB00004059,2009,LA,Environmental,"Memorializes Congress to address the issue of global climate change through the adoption of a fair and effective approach that safeguards American jobs, ensures affordable energy for  citizens, and maintains America's global competitiveness.",resolution,2010-12-01 03:55:49
233,HCR 93,lower,2010-11-23 22:23:16,LAB00004522,2009,LA,Environmental,Establishes the Louisiana Climate Change Policy Commission,concurrent resolution,2010-12-01 03:55:57
234,SB 829,upper,2010-07-23 05:35:34,PAB00000820,2009-2010,PA,,"An Act amending the act of July 9, 2008 (P.L.935, No.70), known as the Pennsylvania Climate Change Act, further providing for climate change action plan.",bill,2013-03-08 09:57:48
235,HB 1200,lower,2010-12-02 22:39:06,NCB00002663,2009,NC,,Extend Climate Change Commission.,bill,2012-04-03 20:04:55
236,HB 1205,lower,2010-12-02 22:39:06,NCB00002668,2009,NC,,Establish NC Commission on Climate Change.,bill,2012-04-03 20:04:56
237,SC 584,upper,2011-01-12 03:14:57,MSB00009227,2009,MS,,Urge United States Congress to address the federal/state responsibility regarding global climate change.,concurrent resolution,2011-01-12 03:14:57
238,SB 3176,upper,2011-01-12 03:14:56,MSB00009017,2009,MS,,Governor's Commission on Climate Change; establish.,bill,2011-01-12 03:14:56
239,HR 30,lower,2010-07-23 05:38:29,PAB00004457,2009-2010,PA,,"A Resolution urging the Governor to participate in the Regional Greenhouse Gas Initiative and sign the Memorandum of Understanding, which will allow the Commonwealth to join its neighbors in addressing the challenge of climate change while increasing energy efficiency investments and stimulating emerging clean energy technology markets.",resolution,2013-03-08 10:24:36
240,SB 9,upper,2012-09-07 21:17:04,ILB00038394,95th,IL,,ILLINOIS CLIMATE CHANGE ACT,bill,2012-09-07 21:17:04
241,SR 34,upper,2012-01-10 16:43:19,NJB00012403,213,NJ,Environmental; Resolutions,Memorializes EPA to provide funding to State to measure impact of climate change in NJ.,resolution,2012-01-10 16:43:19
242,AR 159,lower,2012-01-10 16:42:37,NJB00008966,213,NJ,Environmental; Resolutions,Memorializes EPA to provide funding to State to measure impact of climate change in NJ.,resolution,2012-01-10 16:42:37
243,A 1937,lower,2012-01-10 16:42:40,NJB00009180,213,NJ,Environmental; State Agencies,Establishes NJ Commission on Global Climate Change.,bill,2012-01-10 16:42:40
244,S 697,upper,2012-01-10 16:44:04,NJB00016104,213,NJ,Environmental; State Agencies,Establishes NJ Commission on Global Climate Change.,bill,2012-01-10 16:44:04
245,HP 973,lower,2014-09-26 21:51:37,MEB00004575,123,ME,,"Resolve, To Ensure the Success of Regional Climate Change Efforts",bill,2014-09-26 21:51:37
246,HB 703,lower,2010-12-10 21:13:41,MDB00004469,2007,MD,"Environmental; Other; Federal, State, and Local Relations; Health; Energy; Insurance",Maryland Commission on Climate Change and Clean Energy Alternatives,bill,2010-12-10 21:13:41
